zip_code,state,population,median_income,median_age,housing_units,density,region,density_category,income_category
19710,DE,24571,80927,39,9445,10107,North DE,Dense Urban,High
19715,DE,33387,71921,35,14190,14235,North DE,Dense Urban,Medium
19720,DE,34858,78062,36,14768,3585,North DE,Urban,High
19725,DE,39739,55754,38,15669,5054,North DE,Dense Urban,Medium
19730,DE,18706,70450,40,7262,4270,North DE,Urban,Medium
19735,DE,15926,61496,41,6438,2406,North DE,Urban,Medium
19740,DE,32663,74656,37,12608,5737,North DE,Dense Urban,Medium
19745,DE,26832,73727,41,10241,6353,North DE,Dense Urban,Medium
19750,DE,12520,66566,36,5271,1943,North DE,Suburban,Medium
19755,DE,41656,71363,39,15783,8327,North DE,Dense Urban,Medium
19760,DE,20805,65944,35,7991,2402,North DE,Urban,Medium
19765,DE,25379,86546,40,10477,5498,North DE,Dense Urban,High
19770,DE,22087,69081,37,8999,3671,North DE,Urban,Medium
19775,DE,28313,75705,38,11037,3114,North DE,Urban,High
19780,DE,23109,66537,39,9764,3054,North DE,Urban,Medium
19785,DE,43848,79766,40,17592,8595,North DE,Dense Urban,High
19790,DE,39197,75225,40,15185,5033,North DE,Dense Urban,High
19795,DE,21005,68029,35,8266,3564,North DE,Urban,Medium
19810,DE,38731,55390,39,16414,8462,North DE,Dense Urban,Medium
19815,DE,10541,65428,40,4007,1069,North DE,Suburban,Medium
19820,DE,20258,81411,39,8332,3668,North DE,Urban,High
19825,DE,20720,53651,34,8159,7649,North DE,Dense Urban,Medium
19830,DE,37386,68184,37,15450,4596,North DE,Urban,Medium
19835,DE,22448,86051,37,8586,4180,North DE,Urban,High
19840,DE,28394,82254,39,10925,3792,North DE,Urban,High
19845,DE,24472,82268,35,10055,2548,North DE,Urban,High
19850,DE,38272,84373,38,14839,5723,North DE,Dense Urban,High
19855,DE,34570,75284,36,14381,7875,North DE,Dense Urban,High
19860,DE,15017,59999,38,6025,1671,North DE,Suburban,Medium
19865,DE,35279,78201,37,15206,6016,North DE,Dense Urban,High
19870,DE,15105,54839,34,6559,1628,North DE,Suburban,Medium
19875,DE,23493,59531,37,9551,6179,North DE,Dense Urban,Medium
19880,DE,11619,75252,39,4814,1601,North DE,Suburban,High
19885,DE,37037,52162,40,13910,16171,North DE,Dense Urban,Medium
19890,DE,27015,80047,39,10930,2757,North DE,Urban,High
19895,DE,17896,82508,37,7735,2178,North DE,Urban,High
19910,DE,12643,67892,37,5211,1817,North DE,Suburban,Medium
19915,DE,40682,83358,40,17620,8513,North DE,Dense Urban,High
19920,DE,17927,63918,41,6702,2806,North DE,Urban,Medium
19925,DE,21929,74669,34,8779,4098,North DE,Urban,Medium
19930,DE,38228,86521,38,15133,5284,North DE,Dense Urban,High
19930,DE,22961,66253,46,9323,708,South DE,Suburban,Medium
19935,DE,28322,81055,37,11608,6336,North DE,Dense Urban,High
19938,DE,23810,51852,42,10451,840,South DE,Suburban,Medium
19940,DE,35000,81300,37,14186,16082,North DE,Dense Urban,High
19945,DE,25352,71446,34,10102,2879,North DE,Urban,Medium
19946,DE,11411,69471,48,4693,342,South DE,Rural,Medium
19950,DE,42316,58171,35,16811,11079,North DE,Dense Urban,Medium
19954,DE,12239,66038,47,5082,285,South DE,Rural,Medium
19955,DE,31008,64485,35,12433,4491,North DE,Urban,Medium
19960,DE,23140,66357,41,9696,7398,North DE,Dense Urban,Medium
19962,DE,11971,56531,41,5145,304,South DE,Rural,Medium
19965,DE,10097,64722,38,3883,1135,North DE,Suburban,Medium
19970,DE,18535,82651,36,7462,2234,North DE,Urban,High
19970,DE,11530,45282,41,5084,416,South DE,Rural,Low
19975,DE,11727,62800,41,4814,1404,North DE,Suburban,Medium
19978,DE,11629,64584,46,5114,583,South DE,Suburban,Medium
19980,DE,28708,61283,39,11034,8653,North DE,Dense Urban,Medium
19985,DE,15774,82932,40,5948,4334,North DE,Urban,High
19990,DE,24939,79624,41,9257,6166,North DE,Dense Urban,High
19995,DE,39118,74263,39,16048,6093,North DE,Dense Urban,Medium
07010,NJ,30795,119343,39,12949,4009,North NJ,Urban,Very High
07013,NJ,31850,86962,42,12911,14815,North NJ,Dense Urban,High
07016,NJ,31023,65769,42,11421,5413,North NJ,Dense Urban,Medium
07019,NJ,17433,104188,35,7109,6500,North NJ,Dense Urban,Very High
07022,NJ,43693,92480,35,17051,28263,North NJ,Dense Urban,High
07025,NJ,33942,67747,37,13624,14103,North NJ,Dense Urban,Medium
07028,NJ,16267,76394,39,6247,3040,North NJ,Urban,High
07031,NJ,45740,86777,38,16506,10329,North NJ,Dense Urban,High
07034,NJ,23433,88897,39,9701,5850,North NJ,Dense Urban,High
07037,NJ,38483,124900,42,16607,16780,North NJ,Dense Urban,Very High
07040,NJ,29541,66585,42,11032,7308,North NJ,Dense Urban,Medium
07043,NJ,16021,78417,38,6696,3282,North NJ,Urban,High
07046,NJ,21873,102065,38,8416,4944,North NJ,Urban,Very High
07049,NJ,26534,90851,43,9542,12786,North NJ,Dense Urban,High
07052,NJ,39276,73529,39,15144,9754,North NJ,Dense Urban,Medium
07055,NJ,36243,122836,43,14804,6655,North NJ,Dense Urban,Very High
07058,NJ,17568,67027,42,7629,2694,North NJ,Urban,Medium
07061,NJ,20258,98159,37,7516,7254,North NJ,Dense Urban,High
07064,NJ,27666,91854,44,11733,13963,North NJ,Dense Urban,High
07067,NJ,37662,78067,36,16042,5360,North NJ,Dense Urban,High
07070,NJ,50222,123148,37,19348,8588,North NJ,Dense Urban,Very High
07073,NJ,25965,70056,37,11003,3573,North NJ,Urban,Medium
07076,NJ,28773,82412,44,11899,4099,North NJ,Urban,High
07079,NJ,40446,65206,44,17488,22943,North NJ,Dense Urban,Medium
07082,NJ,37403,105342,41,14930,5055,North NJ,Dense Urban,Very High
07085,NJ,48827,81198,37,20510,6400,North NJ,Dense Urban,High
07088,NJ,17693,111699,38,6442,3960,North NJ,Urban,Very High
07091,NJ,36834,75230,43,14979,10208,North NJ,Dense Urban,High
07094,NJ,38776,66306,43,14313,11862,North NJ,Dense Urban,Medium
07097,NJ,24474,86959,43,9626,15838,North NJ,Dense Urban,High
07110,NJ,46968,65663,40,19493,20607,North NJ,Dense Urban,Medium
07113,NJ,18304,116005,35,7541,4437,North NJ,Urban,Very High
07116,NJ,32675,109417,37,13334,10417,North NJ,Dense Urban,Very High
07119,NJ,35080,114850,35,12581,4393,North NJ,Urban,Very High
07122,NJ,15854,72392,35,6551,4787,North NJ,Urban,Medium
07125,NJ,36556,103559,40,15099,7808,North NJ,Dense Urban,Very High
07128,NJ,19931,109215,35,7481,9839,North NJ,Dense Urban,Very High
07131,NJ,17327,105545,40,6932,3802,North NJ,Urban,Very High
07134,NJ,30087,92848,40,11362,4497,North NJ,Urban,High
07137,NJ,41370,121250,38,17922,7746,North NJ,Dense Urban,Very High
07140,NJ,49754,76411,41,20842,7358,North NJ,Dense Urban,High
07143,NJ,34360,88078,36,12637,8412,North NJ,Dense Urban,High
07146,NJ,16802,104384,36,6082,4520,North NJ,Urban,Very High
07149,NJ,35445,81646,44,12699,5885,North NJ,Dense Urban,High
07152,NJ,31371,67049,35,13368,6346,North NJ,Dense Urban,Medium
07155,NJ,35932,72158,43,14729,4886,North NJ,Urban,Medium
07158,NJ,30151,69499,42,12049,4305,North NJ,Urban,Medium
07161,NJ,27183,115800,42,10095,3866,North NJ,Urban,Very High
07164,NJ,17557,67200,36,7375,2306,North NJ,Urban,Medium
07167,NJ,26969,115108,43,11293,4496,North NJ,Urban,Very High
07170,NJ,53467,90876,38,21531,17575,North NJ,Dense Urban,High
07173,NJ,48986,109064,37,18710,8483,North NJ,Dense Urban,Very High
07176,NJ,32429,79373,40,12989,10508,North NJ,Dense Urban,High
07179,NJ,25677,95746,36,10374,3474,North NJ,Urban,High
07182,NJ,47352,106919,35,19749,9019,North NJ,Dense Urban,Very High
07185,NJ,24007,102410,35,10339,7220,North NJ,Dense Urban,Very High
07188,NJ,33589,101212,40,13516,4361,North NJ,Urban,Very High
07191,NJ,48828,96216,39,18880,6480,North NJ,Dense Urban,High
07194,NJ,15699,65190,39,6553,2228,North NJ,Urban,Medium
07197,NJ,34778,99584,44,12563,13367,North NJ,Dense Urban,High
07210,NJ,15569,116885,42,6475,2063,North NJ,Urban,Very High
07213,NJ,19014,100777,44,6942,2396,North NJ,Urban,Very High
07216,NJ,15784,105328,40,6365,2249,North NJ,Urban,Very High
07219,NJ,20801,103754,36,7609,3076,North NJ,Urban,Very High
07222,NJ,23716,117102,43,9072,11680,North NJ,Dense Urban,Very High
07225,NJ,17368,105941,37,7034,8856,North NJ,Dense Urban,Very High
07228,NJ,28403,120071,41,10774,5397,North NJ,Dense Urban,Very High
07231,NJ,43312,115300,40,16687,17271,North NJ,Dense Urban,Very High
07234,NJ,46024,118006,40,17918,26408,North NJ,Dense Urban,Very High
07237,NJ,42236,84508,39,16703,8629,North NJ,Dense Urban,High
07240,NJ,15876,97093,37,6062,5744,North NJ,Dense Urban,High
07243,NJ,22987,102233,44,9338,9728,North NJ,Dense Urban,Very High
07246,NJ,36136,79098,44,15447,8830,North NJ,Dense Urban,High
07249,NJ,40316,70949,41,16035,14941,North NJ,Dense Urban,Medium
07252,NJ,49699,66081,44,20897,11952,North NJ,Dense Urban,Medium
07255,NJ,22805,85056,42,8240,10807,North NJ,Dense Urban,High
07258,NJ,18343,94375,39,7039,3775,North NJ,Urban,High
07261,NJ,23130,66679,37,8634,7436,North NJ,Dense Urban,Medium
07264,NJ,34128,74435,39,14540,9168,North NJ,Dense Urban,Medium
07267,NJ,45445,94124,44,16946,5776,North NJ,Dense Urban,High
07270,NJ,44222,121573,39,17694,11789,North NJ,Dense Urban,Very High
07273,NJ,38049,96843,36,15655,4961,North NJ,Urban,High
07276,NJ,38289,74823,35,14900,5059,North NJ,Dense Urban,Medium
07279,NJ,31364,116991,41,11314,12255,North NJ,Dense Urban,Very High
07282,NJ,40471,65851,42,15338,7180,North NJ,Dense Urban,Medium
07285,NJ,26938,69000,37,9939,4741,North NJ,Urban,Medium
07288,NJ,53155,103304,42,19310,13256,North NJ,Dense Urban,Very High
07291,NJ,39107,85491,36,16860,11920,North NJ,Dense Urban,High
07294,NJ,49850,93761,42,19998,13518,North NJ,Dense Urban,High
07297,NJ,30305,65417,37,12415,18352,North NJ,Dense Urban,Medium
07310,NJ,18267,103513,42,6847,3042,North NJ,Urban,Very High
07313,NJ,38548,109425,39,14408,11564,North NJ,Dense Urban,Very High
07316,NJ,32506,102841,35,12092,7772,North NJ,Dense Urban,Very High
07319,NJ,38190,109811,35,14466,5058,North NJ,Dense Urban,Very High
07322,NJ,17914,111352,35,7017,8254,North NJ,Dense Urban,Very High
07325,NJ,15728,65698,37,6304,4392,North NJ,Urban,Medium
07328,NJ,31779,89466,43,12920,4110,North NJ,Urban,High
07331,NJ,32101,97307,37,12605,5441,North NJ,Dense Urban,High
07334,NJ,23335,121418,43,9055,5285,North NJ,Dense Urban,Very High
07337,NJ,36972,66167,43,15687,5785,North NJ,Dense Urban,Medium
07340,NJ,39244,76174,44,15568,8325,North NJ,Dense Urban,High
07343,NJ,53102,89394,36,19071,10518,North NJ,Dense Urban,High
07346,NJ,38625,72056,40,16491,5565,North NJ,Dense Urban,Medium
07349,NJ,54081,88322,44,22787,13260,North NJ,Dense Urban,High
07352,NJ,37556,91962,42,15100,18307,North NJ,Dense Urban,High
07355,NJ,41432,91256,41,14834,5736,North NJ,Dense Urban,High
07358,NJ,40731,88803,37,15149,10785,North NJ,Dense Urban,High
07361,NJ,53069,90289,44,21527,8724,North NJ,Dense Urban,High
07364,NJ,30485,69748,36,12028,6483,North NJ,Dense Urban,Medium
07367,NJ,45355,78116,43,16973,19959,North NJ,Dense Urban,High
07370,NJ,54298,65504,35,23189,10260,North NJ,Dense Urban,Medium
07373,NJ,32312,114285,44,14011,10940,North NJ,Dense Urban,Very High
07376,NJ,37700,85559,40,13647,21173,North NJ,Dense Urban,High
07379,NJ,26003,90826,37,9337,13134,North NJ,Dense Urban,High
07382,NJ,21190,103413,35,8107,3789,North NJ,Urban,Very High
07385,NJ,18330,89504,44,6604,2491,North NJ,Urban,High
07388,NJ,36447,88959,39,14945,8967,North NJ,Dense Urban,High
07391,NJ,51487,96921,39,18472,13560,North NJ,Dense Urban,High
07394,NJ,35159,121254,35,14410,7907,North NJ,Dense Urban,Very High
07397,NJ,50547,92532,37,18643,15499,North NJ,Dense Urban,High
07410,NJ,20713,69804,43,8255,4922,North NJ,Urban,Medium
07413,NJ,34255,121570,39,14808,4758,North NJ,Urban,Very High
07416,NJ,42712,111318,35,17164,9240,North NJ,Dense Urban,Very High
07419,NJ,38833,85309,35,14281,9767,North NJ,Dense Urban,High
07422,NJ,33017,73702,35,14312,18982,North NJ,Dense Urban,Medium
07425,NJ,44189,97606,39,15791,7369,North NJ,Dense Urban,High
07428,NJ,38574,75916,44,14156,5935,North NJ,Dense Urban,High
07431,NJ,28456,120752,35,10246,9277,North NJ,Dense Urban,Very High
07434,NJ,32100,69544,35,11984,11275,North NJ,Dense Urban,Medium
07437,NJ,41657,72239,41,15804,10882,North NJ,Dense Urban,Medium
07440,NJ,43538,107944,40,15638,12437,North NJ,Dense Urban,Very High
07443,NJ,39285,87928,41,14671,5910,North NJ,Dense Urban,High
07446,NJ,54764,91698,37,19902,9682,North NJ,Dense Urban,High
07449,NJ,28051,107289,36,10713,3562,North NJ,Urban,Very High
07452,NJ,40934,75209,38,15904,9424,North NJ,Dense Urban,High
07455,NJ,46703,69637,41,18230,6295,North NJ,Dense Urban,Medium
07458,NJ,52660,120479,35,20682,21441,North NJ,Dense Urban,Very High
07461,NJ,34963,101932,36,13393,18110,North NJ,Dense Urban,Very High
07464,NJ,20569,101586,37,8007,5655,North NJ,Dense Urban,Very High
07467,NJ,39214,71238,40,14804,16813,North NJ,Dense Urban,Medium
07470,NJ,33271,69188,36,12791,7263,North NJ,Dense Urban,Medium
07473,NJ,26314,86508,36,10787,14903,North NJ,Dense Urban,High
07476,NJ,51668,104749,35,20126,30273,North NJ,Dense Urban,Very High
07479,NJ,31907,116745,35,12504,11230,North NJ,Dense Urban,Very High
07482,NJ,31282,75488,43,11831,17819,North NJ,Dense Urban,High
07485,NJ,34262,69432,44,12531,8668,North NJ,Dense Urban,Medium
07488,NJ,29178,65302,42,11477,10809,North NJ,Dense Urban,Medium
07491,NJ,43699,109247,36,16343,11210,North NJ,Dense Urban,Very High
07494,NJ,19621,70126,37,7141,7975,North NJ,Dense Urban,Medium
07497,NJ,34181,66531,36,13543,5363,North NJ,Dense Urban,Medium
07510,NJ,54650,111271,43,20478,13389,North NJ,Dense Urban,Very High
07513,NJ,25267,116128,35,10502,15496,North NJ,Dense Urban,Very High
07516,NJ,19632,109243,43,7437,2693,North NJ,Urban,Very High
07519,NJ,23258,123513,38,9054,4067,North NJ,Urban,Very High
07522,NJ,29369,77199,35,11373,5730,North NJ,Dense Urban,High
07525,NJ,30913,84123,44,11872,9242,North NJ,Dense Urban,High
07528,NJ,25167,112045,39,9095,5311,North NJ,Dense Urban,Very High
07531,NJ,42285,66605,41,16622,14263,North NJ,Dense Urban,Medium
07534,NJ,26613,75589,42,9683,9810,North NJ,Dense Urban,High
07537,NJ,28046,100358,42,10589,15278,North NJ,Dense Urban,Very High
07540,NJ,24111,121641,38,8658,10820,North NJ,Dense Urban,Very High
07543,NJ,37350,111685,42,14033,5483,North NJ,Dense Urban,Very High
07546,NJ,53328,75954,42,21009,8643,North NJ,Dense Urban,High
07549,NJ,37700,71469,44,15313,5798,North NJ,Dense Urban,Medium
07552,NJ,41386,110587,35,16135,14797,North NJ,Dense Urban,Very High
07555,NJ,17048,110375,40,6580,3117,North NJ,Urban,Very High
07558,NJ,35618,104756,37,15313,4712,North NJ,Urban,Very High
07561,NJ,15009,74865,36,6098,2962,North NJ,Urban,Medium
07564,NJ,49387,108336,35,20941,15652,North NJ,Dense Urban,Very High
07567,NJ,42534,91614,37,17189,9316,North NJ,Dense Urban,High
07570,NJ,32988,65235,36,13965,4781,North NJ,Urban,Medium
07573,NJ,23567,84019,37,10100,2967,North NJ,Urban,High
07576,NJ,20415,70951,42,7522,3297,North NJ,Urban,Medium
07579,NJ,45523,86204,39,16814,17756,North NJ,Dense Urban,High
07582,NJ,38930,124965,38,15837,6927,North NJ,Dense Urban,Very High
07585,NJ,32449,108303,42,12878,8010,North NJ,Dense Urban,Very High
07588,NJ,43173,72804,40,16799,5875,North NJ,Dense Urban,Medium
07591,NJ,52438,84096,35,19069,10998,North NJ,Dense Urban,High
07594,NJ,33381,91727,37,12981,17268,North NJ,Dense Urban,High
07597,NJ,42202,89519,44,17809,7562,North NJ,Dense Urban,High
07610,NJ,30374,70408,38,11372,4212,North NJ,Urban,Medium
07613,NJ,15922,75789,43,6483,2403,North NJ,Urban,High
07616,NJ,47154,103141,38,18241,7442,North NJ,Dense Urban,Very High
07619,NJ,47265,116017,35,20100,10033,North NJ,Dense Urban,Very High
07622,NJ,38710,71359,38,15492,9769,North NJ,Dense Urban,Medium
07625,NJ,50996,79382,38,19163,10180,North NJ,Dense Urban,High
07628,NJ,35609,100442,37,13787,22547,North NJ,Dense Urban,Very High
07631,NJ,48561,99884,38,20311,15481,North NJ,Dense Urban,High
07634,NJ,29153,109165,42,11606,7823,North NJ,Dense Urban,Very High
07637,NJ,25541,75457,42,10004,4646,North NJ,Urban,High
07640,NJ,32368,91215,38,11730,10229,North NJ,Dense Urban,High
07643,NJ,53727,92632,44,23014,9370,North NJ,Dense Urban,High
07646,NJ,35530,109327,43,12860,5651,North NJ,Dense Urban,Very High
07649,NJ,28718,87116,39,12052,12495,North NJ,Dense Urban,High
07652,NJ,34256,118173,41,14192,9362,North NJ,Dense Urban,Very High
07655,NJ,17708,74524,43,7369,4465,North NJ,Urban,Medium
07658,NJ,54224,78224,37,21697,35438,North NJ,Dense Urban,High
07661,NJ,49393,73577,41,19969,6604,North NJ,Dense Urban,Medium
07664,NJ,51368,106914,37,21190,9663,North NJ,Dense Urban,Very High
07667,NJ,16990,84956,42,6918,6595,North NJ,Dense Urban,High
07670,NJ,52148,69757,44,22608,9888,North NJ,Dense Urban,Medium
07673,NJ,53356,69944,38,21093,11004,North NJ,Dense Urban,Medium
07676,NJ,52011,96195,42,20387,12398,North NJ,Dense Urban,High
07679,NJ,24984,106949,41,9940,7108,North NJ,Dense Urban,Very High
07682,NJ,48719,67079,35,21015,6639,North NJ,Dense Urban,Medium
07685,NJ,39861,88570,36,16289,5745,North NJ,Dense Urban,High
07688,NJ,53258,93865,40,21130,11977,North NJ,Dense Urban,High
07691,NJ,41737,90522,38,17456,8822,North NJ,Dense Urban,High
07694,NJ,27342,78087,44,11227,3574,North NJ,Urban,High
07697,NJ,25093,112190,41,10551,5097,North NJ,Dense Urban,Very High
07710,NJ,34846,114984,43,14453,6025,North NJ,Dense Urban,Very High
07713,NJ,45678,114148,42,19420,7785,North NJ,Dense Urban,Very High
07716,NJ,34694,104986,35,13455,6670,North NJ,Dense Urban,Very High
07719,NJ,28575,99911,42,10737,13313,North NJ,Dense Urban,High
07722,NJ,33922,119771,39,14309,4372,North NJ,Urban,Very High
07725,NJ,36389,82327,36,15776,10685,North NJ,Dense Urban,High
07728,NJ,31032,118394,37,11974,10883,North NJ,Dense Urban,Very High
07731,NJ,46419,107880,39,18786,7640,North NJ,Dense Urban,Very High
07734,NJ,52609,94378,41,22704,7665,North NJ,Dense Urban,High
07737,NJ,29596,66279,43,11753,7905,North NJ,Dense Urban,Medium
07740,NJ,22083,108861,42,9368,7545,North NJ,Dense Urban,Very High
07743,NJ,34063,113854,35,13398,4309,North NJ,Urban,Very High
07746,NJ,42856,100367,36,16377,13201,North NJ,Dense Urban,Very High
07749,NJ,38752,116693,38,16377,16107,North NJ,Dense Urban,Very High
07752,NJ,26372,73996,40,9564,4400,North NJ,Urban,Medium
07755,NJ,41665,96653,36,16167,7940,North NJ,Dense Urban,High
07758,NJ,46896,77875,41,19927,9907,North NJ,Dense Urban,High
07761,NJ,31725,105760,40,11899,13275,North NJ,Dense Urban,Very High
07764,NJ,45987,112924,41,17778,8189,North NJ,Dense Urban,Very High
07767,NJ,26664,89027,44,10618,6315,North NJ,Dense Urban,High
07770,NJ,35609,115538,35,15208,13797,North NJ,Dense Urban,Very High
07773,NJ,26555,118276,39,9768,4078,North NJ,Urban,Very High
07776,NJ,39063,89762,41,14994,5242,North NJ,Dense Urban,High
07779,NJ,43769,67711,40,18487,10732,North NJ,Dense Urban,Medium
07782,NJ,38863,105483,38,16322,13414,North NJ,Dense Urban,Very High
07785,NJ,46987,121253,36,17991,25616,North NJ,Dense Urban,Very High
07788,NJ,16524,100111,35,6592,4419,North NJ,Urban,Very High
07791,NJ,15060,120337,43,6214,2520,North NJ,Urban,Very High
07794,NJ,43145,106131,37,17710,6443,North NJ,Dense Urban,Very High
07797,NJ,38393,91212,35,16210,17691,North NJ,Dense Urban,High
07810,NJ,40470,75491,41,14056,5610,Central NJ,Dense Urban,High
07814,NJ,12338,66344,42,4466,1323,Central NJ,Suburban,Medium
07818,NJ,17319,66918,38,5984,3851,Central NJ,Urban,Medium
07822,NJ,39935,59806,36,16036,4409,Central NJ,Urban,Medium
07826,NJ,31541,92198,40,11405,2827,Central NJ,Urban,High
07830,NJ,23122,72905,38,8050,2056,Central NJ,Urban,Medium
07834,NJ,18737,80510,38,7320,1982,Central NJ,Suburban,High
07838,NJ,12614,64374,43,5015,5322,Central NJ,Dense Urban,Medium
07842,NJ,42907,71514,40,16099,6300,Central NJ,Dense Urban,Medium
07846,NJ,43705,67651,42,17087,4726,Central NJ,Urban,Medium
07850,NJ,18640,70317,36,6731,2524,Central NJ,Urban,Medium
07854,NJ,40687,64323,41,15596,6491,Central NJ,Dense Urban,Medium
07858,NJ,12545,84430,40,4708,5669,Central NJ,Dense Urban,High
07862,NJ,25919,94974,41,10064,2595,Central NJ,Urban,High
07866,NJ,41629,63436,39,15340,14427,Central NJ,Dense Urban,Medium
07870,NJ,31895,65616,37,13040,6761,Central NJ,Dense Urban,Medium
07874,NJ,36574,67676,36,14517,5886,Central NJ,Dense Urban,Medium
07878,NJ,14050,79951,41,4970,2105,Central NJ,Urban,High
07882,NJ,44913,80280,40,15520,10357,Central NJ,Dense Urban,High
07886,NJ,16494,78895,39,6573,2822,Central NJ,Urban,High
07890,NJ,13828,87123,41,4782,1401,Central NJ,Suburban,High
07894,NJ,41757,79262,39,17166,5133,Central NJ,Dense Urban,High
07898,NJ,27934,91332,41,11105,6487,Central NJ,Dense Urban,High
07910,NJ,29320,69199,41,10469,7587,Central NJ,Dense Urban,Medium
07914,NJ,20245,66362,39,6987,1731,Central NJ,Suburban,Medium
07918,NJ,38172,73850,37,14428,8294,Central NJ,Dense Urban,Medium
07922,NJ,36578,62287,40,13707,3600,Central NJ,Urban,Medium
07926,NJ,29764,73024,43,11751,10211,Central NJ,Dense Urban,Medium
07930,NJ,44284,92784,37,15642,4067,Central NJ,Urban,High
07934,NJ,41192,70585,43,16305,7786,Central NJ,Dense Urban,Medium
07938,NJ,16133,58972,43,6092,3509,Central NJ,Urban,Medium
07942,NJ,41125,64903,40,14443,3538,Central NJ,Urban,Medium
07946,NJ,33452,64516,43,12585,3182,Central NJ,Urban,Medium
07950,NJ,30546,56591,43,11152,2981,Central NJ,Urban,Medium
07954,NJ,38572,75695,38,13610,8259,Central NJ,Dense Urban,High
07958,NJ,14139,73088,40,5016,1345,Central NJ,Suburban,Medium
07962,NJ,44088,75670,38,15879,3901,Central NJ,Urban,High
07966,NJ,34534,64017,36,14302,3192,Central NJ,Urban,Medium
07970,NJ,24713,77890,40,8916,7514,Central NJ,Dense Urban,High
07974,NJ,38705,81588,39,16105,3802,Central NJ,Urban,High
07978,NJ,33727,64882,36,12585,11871,Central NJ,Dense Urban,Medium
07982,NJ,43966,92311,43,15649,7623,Central NJ,Dense Urban,High
07986,NJ,13007,84257,36,4513,4237,Central NJ,Urban,High
07990,NJ,13435,80821,40,5480,1613,Central NJ,Suburban,High
07994,NJ,25507,62491,38,10271,6824,Central NJ,Dense Urban,Medium
07998,NJ,26859,63073,41,10439,10046,Central NJ,Dense Urban,Medium
08010,NJ,32953,57353,41,11415,11996,Central NJ,Dense Urban,Medium
08014,NJ,36860,80338,38,13666,5706,Central NJ,Dense Urban,High
08018,NJ,39083,62813,42,14779,17402,Central NJ,Dense Urban,Medium
08022,NJ,39570,85678,37,15959,8744,Central NJ,Dense Urban,High
08026,NJ,25025,69288,38,9530,2090,Central NJ,Urban,Medium
08030,NJ,28422,90612,40,11149,3909,Central NJ,Urban,High
08034,NJ,25261,66722,38,8913,5873,Central NJ,Dense Urban,Medium
08038,NJ,40087,94214,43,14171,6339,Central NJ,Dense Urban,High
08042,NJ,44196,62424,37,15523,3732,Central NJ,Urban,Medium
08046,NJ,31982,81431,36,11732,3381,Central NJ,Urban,High
08050,NJ,38385,73639,38,13309,3606,Central NJ,Urban,Medium
08054,NJ,17776,63711,42,6767,6105,Central NJ,Dense Urban,Medium
08058,NJ,32017,72343,39,13250,3331,Central NJ,Urban,Medium
08062,NJ,27251,58224,41,11083,2734,Central NJ,Urban,Medium
08066,NJ,23536,89531,36,9413,2915,Central NJ,Urban,High
08070,NJ,21208,60109,40,8367,5877,Central NJ,Dense Urban,Medium
08074,NJ,28967,75172,36,12040,5675,Central NJ,Dense Urban,High
08078,NJ,38589,72773,42,14292,6512,Central NJ,Dense Urban,Medium
08082,NJ,38143,75581,36,15762,4450,Central NJ,Urban,High
08086,NJ,44981,64768,36,18349,4739,Central NJ,Urban,Medium
08090,NJ,20783,85811,39,8077,3045,Central NJ,Urban,High
08094,NJ,21127,61368,36,7435,10071,Central NJ,Dense Urban,Medium
08098,NJ,30333,70525,42,12131,13007,Central NJ,Dense Urban,Medium
08110,NJ,13592,56927,38,4993,843,South NJ,Suburban,Medium
08114,NJ,22437,59207,43,7952,4866,South NJ,Urban,Medium
08118,NJ,33537,70612,39,11270,2541,South NJ,Urban,Medium
08122,NJ,18693,49177,38,6948,808,South NJ,Suburban,Low
08126,NJ,24353,75598,41,8893,1669,South NJ,Suburban,High
08130,NJ,16234,64173,39,5680,818,South NJ,Suburban,Medium
08134,NJ,14570,81174,40,5819,4283,South NJ,Urban,High
08138,NJ,34414,56906,40,13601,7533,South NJ,Dense Urban,Medium
08142,NJ,21076,54012,41,8018,1556,South NJ,Suburban,Medium
08146,NJ,11610,61467,40,4160,495,South NJ,Rural,Medium
08150,NJ,24489,60289,38,8194,1490,South NJ,Suburban,Medium
08154,NJ,10137,82054,44,3460,1784,South NJ,Suburban,High
08158,NJ,15052,71486,45,5196,2131,South NJ,Urban,Medium
08162,NJ,16636,72611,41,6067,1924,South NJ,Suburban,Medium
08166,NJ,9798,69675,45,3545,467,South NJ,Rural,Medium
08170,NJ,19130,71669,42,6502,6258,South NJ,Dense Urban,Medium
08174,NJ,27481,64393,45,10157,3585,South NJ,Urban,Medium
08178,NJ,17852,54295,45,6425,778,South NJ,Suburban,Medium
08182,NJ,9316,84451,41,3285,965,South NJ,Suburban,High
08186,NJ,31384,64035,39,11513,6151,South NJ,Dense Urban,Medium
08190,NJ,34160,65633,38,13096,1778,South NJ,Suburban,Medium
08194,NJ,24336,50852,44,9305,3513,South NJ,Urban,Medium
08198,NJ,15622,57160,43,5547,1039,South NJ,Suburban,Medium
08210,NJ,33016,81537,45,12855,2370,South NJ,Urban,High
08214,NJ,34153,79910,38,11999,2749,South NJ,Urban,High
08218,NJ,19543,65625,43,7006,3355,South NJ,Urban,Medium
08222,NJ,33766,60323,45,11962,1688,South NJ,Suburban,Medium
08226,NJ,15843,79367,38,6062,2193,South NJ,Urban,High
08230,NJ,10472,54704,41,4132,631,South NJ,Suburban,Medium
08234,NJ,18756,52255,42,7116,4132,South NJ,Urban,Medium
08238,NJ,9735,83196,39,3650,562,South NJ,Suburban,High
08242,NJ,13249,67201,43,4767,532,South NJ,Suburban,Medium
08246,NJ,34977,80007,43,12576,2728,South NJ,Urban,High
08250,NJ,22788,58526,44,8763,3323,South NJ,Urban,Medium
08254,NJ,8207,71197,38,2819,683,South NJ,Suburban,Medium
08258,NJ,11083,68103,41,4048,1040,South NJ,Suburban,Medium
08262,NJ,23901,77301,42,8331,2928,South NJ,Urban,High
08266,NJ,16555,64669,42,6501,1980,South NJ,Suburban,Medium
08270,NJ,30933,74342,45,12065,6235,South NJ,Dense Urban,Medium
08274,NJ,19023,57715,39,7514,1344,South NJ,Suburban,Medium
08278,NJ,24163,70641,42,9015,2499,South NJ,Urban,Medium
08282,NJ,24724,66880,40,8488,2328,South NJ,Urban,Medium
08286,NJ,17917,84035,39,6496,1395,South NJ,Suburban,High
08290,NJ,25826,58382,43,9278,1272,South NJ,Suburban,Medium
08294,NJ,32819,79982,38,12829,4325,South NJ,Urban,High
08298,NJ,33169,59421,45,11990,1972,South NJ,Suburban,Medium
08310,NJ,15629,76495,44,5892,753,South NJ,Suburban,High
08314,NJ,16264,72226,39,6311,1610,South NJ,Suburban,Medium
08318,NJ,27362,76937,38,9815,2577,South NJ,Urban,High
08322,NJ,28643,79552,43,9712,1752,South NJ,Suburban,High
08326,NJ,16429,59138,40,6086,2399,South NJ,Urban,Medium
08330,NJ,25432,83732,39,9237,1440,South NJ,Suburban,High
08334,NJ,21891,71563,45,8547,4599,South NJ,Urban,Medium
08338,NJ,19916,76179,39,7547,843,South NJ,Suburban,High
08342,NJ,10494,66268,40,3734,613,South NJ,Suburban,Medium
08346,NJ,13179,54430,40,4736,1195,South NJ,Suburban,Medium
08350,NJ,18145,84618,39,7175,1383,South NJ,Suburban,High
08354,NJ,29559,77794,42,11543,3097,South NJ,Urban,High
08358,NJ,17074,71291,38,6198,2470,South NJ,Urban,Medium
08362,NJ,9638,49382,41,3632,1199,South NJ,Suburban,Low
08366,NJ,17011,63422,42,5779,976,South NJ,Suburban,Medium
08370,NJ,13693,62818,44,4956,787,South NJ,Suburban,Medium
08374,NJ,9549,58837,42,3811,1385,South NJ,Suburban,Medium
08378,NJ,12481,54548,43,4310,2099,South NJ,Urban,Medium
08382,NJ,18900,53542,42,7248,958,South NJ,Suburban,Medium
08386,NJ,30740,64052,39,12139,1439,South NJ,Suburban,Medium
08390,NJ,8671,52795,40,3179,631,South NJ,Suburban,Medium
08394,NJ,26739,77300,39,10430,3020,South NJ,Urban,High
08398,NJ,33121,76411,39,12096,3265,South NJ,Urban,High
08410,NJ,22056,78620,43,8180,1335,South NJ,Suburban,High
08414,NJ,18636,78911,38,6586,3143,South NJ,Urban,High
08418,NJ,33000,51631,42,12501,1819,South NJ,Suburban,Medium
08422,NJ,32817,73364,41,11643,8534,South NJ,Dense Urban,Medium
08426,NJ,25159,71472,44,8543,1108,South NJ,Suburban,Medium
08430,NJ,28310,79186,42,9868,1965,South NJ,Suburban,High
08434,NJ,30614,52940,45,12041,1704,South NJ,Suburban,Medium
08438,NJ,11456,72034,45,4550,2498,South NJ,Urban,Medium
08442,NJ,24531,58142,43,8188,1275,South NJ,Suburban,Medium
08446,NJ,12531,76138,39,4915,625,South NJ,Suburban,High
08450,NJ,14493,58759,45,5343,681,South NJ,Suburban,Medium
08454,NJ,21279,71888,44,7359,1485,South NJ,Suburban,Medium
08458,NJ,32935,79182,39,13146,1967,South NJ,Suburban,High
08462,NJ,26211,74189,38,9288,1585,South NJ,Suburban,Medium
08466,NJ,32953,54910,39,12383,2437,South NJ,Urban,Medium
08470,NJ,28131,69991,39,10043,2979,South NJ,Urban,Medium
08474,NJ,17908,51983,45,6376,770,South NJ,Suburban,Medium
08478,NJ,33098,71953,44,12992,8353,South NJ,Dense Urban,Medium
08482,NJ,12583,59889,43,4771,1006,South NJ,Suburban,Medium
08486,NJ,22291,75935,40,7573,3929,South NJ,Urban,High
08490,NJ,31415,78841,45,11816,1265,South NJ,Suburban,High
08494,NJ,24422,82964,42,9355,1129,South NJ,Suburban,High
08498,NJ,23997,71911,43,8308,1114,South NJ,Suburban,Medium
08810,NJ,22361,58041,37,9002,2234,Central NJ,Urban,Medium
08814,NJ,18090,56925,36,6307,5579,Central NJ,Dense Urban,Medium
08818,NJ,38015,80291,43,13228,7620,Central NJ,Dense Urban,High
08822,NJ,15389,79826,42,6306,1564,Central NJ,Suburban,High
08826,NJ,44975,82961,41,17125,6015,Central NJ,Dense Urban,High
08830,NJ,33288,91877,38,12050,9145,Central NJ,Dense Urban,High
08834,NJ,19179,56560,40,7082,4289,Central NJ,Urban,Medium
08838,NJ,43890,59780,43,15476,3732,Central NJ,Urban,Medium
08842,NJ,14356,79363,37,5955,1671,Central NJ,Suburban,High
08846,NJ,28082,57920,38,10304,6554,Central NJ,Dense Urban,Medium
08850,NJ,26025,94004,41,10774,4314,Central NJ,Urban,High
08854,NJ,42027,55956,43,16085,11231,Central NJ,Dense Urban,Medium
08858,NJ,24803,91221,39,9351,2651,Central NJ,Urban,High
08862,NJ,27282,61563,37,9875,3503,Central NJ,Urban,Medium
08866,NJ,34015,81958,37,12163,4219,Central NJ,Urban,High
08870,NJ,24201,76116,39,9337,2030,Central NJ,Urban,High
08874,NJ,31342,74975,39,10979,7191,Central NJ,Dense Urban,Medium
08878,NJ,23561,77861,37,9460,5384,Central NJ,Dense Urban,High
08882,NJ,16648,85523,40,6347,3722,Central NJ,Urban,High
08886,NJ,16599,90923,37,6781,2129,Central NJ,Urban,High
08890,NJ,38616,68760,43,14305,6446,Central NJ,Dense Urban,Medium
08894,NJ,44419,91142,42,17640,3797,Central NJ,Urban,High
08898,NJ,28653,60724,37,10477,5397,Central NJ,Dense Urban,Medium
08910,NJ,31816,93663,38,11069,5043,Central NJ,Dense Urban,High
08914,NJ,28959,74576,38,10461,5178,Central NJ,Dense Urban,Medium
08918,NJ,18116,81928,36,6581,2469,Central NJ,Urban,High
08922,NJ,26135,56742,41,10441,3327,Central NJ,Urban,Medium
08926,NJ,32337,55968,42,12854,2724,Central NJ,Urban,Medium
08930,NJ,12281,94030,38,4676,5131,Central NJ,Dense Urban,High
08934,NJ,40404,84856,36,15007,14002,Central NJ,Dense Urban,High
08938,NJ,37611,90057,43,13711,10797,Central NJ,Dense Urban,High
08942,NJ,12125,78857,40,4278,1052,Central NJ,Suburban,High
08946,NJ,18638,64110,39,6990,2582,Central NJ,Urban,Medium
08950,NJ,34911,67595,43,12164,10492,Central NJ,Dense Urban,Medium
08954,NJ,29275,65225,40,11963,3351,Central NJ,Urban,Medium
08958,NJ,35196,92380,42,14143,5467,Central NJ,Dense Urban,High
08962,NJ,27577,83625,36,9794,4801,Central NJ,Urban,High
08966,NJ,12302,84259,38,4293,1596,Central NJ,Suburban,High
08970,NJ,42659,86890,42,15629,4866,Central NJ,Urban,High
08974,NJ,31508,81984,37,12239,3634,Central NJ,Urban,High
08978,NJ,16033,60704,36,6158,1336,Central NJ,Suburban,Medium
08982,NJ,18924,74614,36,7709,1926,Central NJ,Suburban,Medium
08986,NJ,41165,59114,41,14440,3656,Central NJ,Urban,Medium
08990,NJ,43116,80426,40,15349,4321,Central NJ,Urban,High
08994,NJ,13367,81200,40,5216,2690,Central NJ,Urban,High
08998,NJ,39723,89958,40,15335,4905,Central NJ,Urban,High
18010,PA,37393,57437,40,13469,4346,Lehigh Valley,Urban,Medium
18015,PA,34335,62818,36,13495,5052,Lehigh Valley,Dense Urban,Medium
18020,PA,32616,59523,39,12010,2487,Lehigh Valley,Urban,Medium
18025,PA,27246,80682,36,10680,1903,Lehigh Valley,Suburban,High
18030,PA,27927,66684,36,10440,1916,Lehigh Valley,Suburban,Medium
18035,PA,18361,67091,38,6706,1878,Lehigh Valley,Suburban,Medium
18040,PA,35478,83694,40,13212,11623,Lehigh Valley,Dense Urban,High
18045,PA,27372,74991,39,11163,5270,Lehigh Valley,Dense Urban,Medium
18050,PA,24718,60832,40,9543,1725,Lehigh Valley,Suburban,Medium
18055,PA,17842,82433,36,7013,1662,Lehigh Valley,Suburban,High
18060,PA,33807,80599,36,13050,4435,Lehigh Valley,Urban,High
18065,PA,13519,61093,38,5305,2455,Lehigh Valley,Urban,Medium
18070,PA,21083,68324,37,8044,1584,Lehigh Valley,Suburban,Medium
18075,PA,25411,70887,36,9542,1924,Lehigh Valley,Suburban,Medium
18080,PA,32277,73400,39,12083,2379,Lehigh Valley,Urban,Medium
18085,PA,21388,75360,42,8728,6233,Lehigh Valley,Dense Urban,High
18090,PA,35554,71363,39,13898,5238,Lehigh Valley,Dense Urban,Medium
18095,PA,26823,76568,39,11019,3112,Lehigh Valley,Urban,High
18110,PA,12234,62480,36,5004,1650,Lehigh Valley,Suburban,Medium
18115,PA,13673,79366,40,5110,1435,Lehigh Valley,Suburban,High
18120,PA,32132,58841,41,11972,2306,Lehigh Valley,Urban,Medium
18125,PA,16493,79472,38,6438,2071,Lehigh Valley,Urban,High
18130,PA,14064,76363,40,5439,1013,Lehigh Valley,Suburban,High
18135,PA,37315,70193,41,13795,10661,Lehigh Valley,Dense Urban,Medium
18140,PA,16214,66950,36,6215,1319,Lehigh Valley,Suburban,Medium
18145,PA,14745,66956,37,5444,1109,Lehigh Valley,Suburban,Medium
18150,PA,28093,70493,42,11671,3789,Lehigh Valley,Urban,Medium
18155,PA,29908,77582,37,12014,4211,Lehigh Valley,Urban,High
18160,PA,32093,55719,38,12041,3258,Lehigh Valley,Urban,Medium
18165,PA,29356,75786,36,11209,1998,Lehigh Valley,Suburban,High
18170,PA,35303,70064,40,13794,2847,Lehigh Valley,Urban,Medium
18175,PA,37219,83572,36,13412,2698,Lehigh Valley,Urban,High
18180,PA,33729,56102,39,13025,3828,Lehigh Valley,Urban,Medium
18185,PA,37817,76607,36,15153,3786,Lehigh Valley,Urban,High
18190,PA,38423,67721,38,13795,2579,Lehigh Valley,Urban,Medium
18195,PA,35067,64744,38,13034,2845,Lehigh Valley,Urban,Medium
18210,PA,39846,55025,36,14689,8496,Lehigh Valley,Dense Urban,Medium
18215,PA,35852,63652,40,13731,5677,Lehigh Valley,Dense Urban,Medium
18220,PA,25379,74867,38,10135,3314,Lehigh Valley,Urban,Medium
18225,PA,13072,82749,41,5051,909,Lehigh Valley,Suburban,High
18230,PA,30990,76165,37,11580,8313,Lehigh Valley,Dense Urban,High
18235,PA,28241,60939,36,10950,9127,Lehigh Valley,Dense Urban,Medium
18240,PA,34069,82045,38,12597,4265,Lehigh Valley,Urban,High
18245,PA,31167,61420,41,12823,3460,Lehigh Valley,Urban,Medium
18250,PA,23837,61353,41,9102,1879,Lehigh Valley,Suburban,Medium
18255,PA,13932,60085,41,5403,1638,Lehigh Valley,Suburban,Medium
18260,PA,23691,63811,36,9650,1720,Lehigh Valley,Suburban,Medium
18265,PA,18474,64738,42,7399,1475,Lehigh Valley,Suburban,Medium
18270,PA,21797,67867,38,8385,5061,Lehigh Valley,Dense Urban,Medium
18275,PA,31127,70449,41,11845,2697,Lehigh Valley,Urban,Medium
18280,PA,33642,62186,42,13848,3954,Lehigh Valley,Urban,Medium
18285,PA,37461,80859,39,13787,11868,Lehigh Valley,Dense Urban,High
18290,PA,15642,56296,38,6114,2154,Lehigh Valley,Urban,Medium
18295,PA,14895,60366,40,5432,1011,Lehigh Valley,Suburban,Medium
18310,PA,18717,57782,44,7322,604,Poconos/NEPA,Suburban,Medium
18316,PA,29542,48667,46,11338,895,Poconos/NEPA,Suburban,Low
18322,PA,16277,63852,40,6227,596,Poconos/NEPA,Suburban,Medium
18328,PA,16155,49009,45,6326,429,Poconos/NEPA,Rural,Low
18334,PA,26601,63753,45,10264,1454,Poconos/NEPA,Suburban,Medium
18340,PA,13722,60514,39,5575,851,Poconos/NEPA,Suburban,Medium
18346,PA,28331,57297,42,11728,970,Poconos/NEPA,Suburban,Medium
18352,PA,15927,68073,41,6376,401,Poconos/NEPA,Rural,Medium
18358,PA,16792,65208,41,6834,519,Poconos/NEPA,Suburban,Medium
18364,PA,8628,52778,39,3482,954,Poconos/NEPA,Suburban,Medium
18370,PA,28313,65753,43,11795,1457,Poconos/NEPA,Suburban,Medium
18376,PA,18195,46105,42,6894,690,Poconos/NEPA,Suburban,Low
18382,PA,23417,65083,45,9357,649,Poconos/NEPA,Suburban,Medium
18388,PA,28170,59212,40,10501,878,Poconos/NEPA,Suburban,Medium
18394,PA,18593,71536,43,7519,625,Poconos/NEPA,Suburban,Medium
18410,PA,10871,67626,42,4175,409,Poconos/NEPA,Rural,Medium
18416,PA,18642,59534,45,7004,1479,Poconos/NEPA,Suburban,Medium
18422,PA,14297,49557,42,5437,391,Poconos/NEPA,Rural,Low
18428,PA,16275,48180,43,6775,680,Poconos/NEPA,Suburban,Low
18434,PA,17583,61998,44,7379,944,Poconos/NEPA,Suburban,Medium
18440,PA,28954,61654,41,11568,2836,Poconos/NEPA,Urban,Medium
18446,PA,23042,56546,46,9935,2086,Poconos/NEPA,Urban,Medium
18452,PA,23523,64991,46,9181,779,Poconos/NEPA,Suburban,Medium
18458,PA,24673,51614,43,10225,684,Poconos/NEPA,Suburban,Medium
18464,PA,24662,49958,44,9791,652,Poconos/NEPA,Suburban,Low
18470,PA,12776,48832,42,5092,1596,Poconos/NEPA,Suburban,Low
18476,PA,9380,67918,45,3873,301,Poconos/NEPA,Rural,Medium
18482,PA,19580,69959,41,8436,890,Poconos/NEPA,Suburban,Medium
18488,PA,18179,64493,41,7086,466,Poconos/NEPA,Rural,Medium
18494,PA,27624,63233,40,10391,785,Poconos/NEPA,Suburban,Medium
18610,PA,21156,61589,39,8640,686,Poconos/NEPA,Suburban,Medium
18616,PA,11450,65195,45,4794,286,Poconos/NEPA,Rural,Medium
18622,PA,13141,47708,46,5124,638,Poconos/NEPA,Suburban,Low
18628,PA,19834,48273,46,8379,932,Poconos/NEPA,Suburban,Low
18634,PA,20541,65106,46,8865,769,Poconos/NEPA,Suburban,Medium
18640,PA,10832,67963,45,4189,397,Poconos/NEPA,Rural,Medium
18646,PA,19156,47800,39,7415,738,Poconos/NEPA,Suburban,Low
18652,PA,10610,55728,45,4032,535,Poconos/NEPA,Suburban,Medium
18658,PA,28583,46914,44,10711,2076,Poconos/NEPA,Urban,Low
18664,PA,8406,45508,44,3448,700,Poconos/NEPA,Suburban,Low
18670,PA,27873,63908,39,11432,824,Poconos/NEPA,Suburban,Medium
18676,PA,12357,47292,41,5263,421,Poconos/NEPA,Rural,Low
18682,PA,16752,45174,43,6253,535,Poconos/NEPA,Suburban,Low
18688,PA,28544,54689,45,11405,1587,Poconos/NEPA,Suburban,Medium
18694,PA,9151,53560,41,3502,247,Poconos/NEPA,Rural,Medium
18910,PA,16856,76998,39,5903,5927,Suburban Philly,Dense Urban,High
18914,PA,19669,128470,38,7114,2592,Suburban Philly,Urban,Very High
18918,PA,20624,85516,43,7298,7713,Suburban Philly,Dense Urban,High
18922,PA,37947,99950,38,14862,4346,Suburban Philly,Urban,High
18926,PA,43281,103011,39,16697,5476,Suburban Philly,Dense Urban,Very High
18930,PA,33626,114758,38,12856,3179,Suburban Philly,Urban,Very High
18934,PA,31743,122775,39,12279,2913,Suburban Philly,Urban,Very High
18938,PA,16141,95384,45,6238,1782,Suburban Philly,Suburban,High
18942,PA,37967,91390,41,15673,10384,Suburban Philly,Dense Urban,High
18946,PA,36312,119179,40,15050,6652,Suburban Philly,Dense Urban,Very High
18950,PA,22611,125594,40,8720,3905,Suburban Philly,Urban,Very High
18954,PA,26738,86120,43,9469,4385,Suburban Philly,Urban,High
18958,PA,28703,127851,45,9918,5083,Suburban Philly,Dense Urban,Very High
18962,PA,44504,80744,42,15420,14579,Suburban Philly,Dense Urban,High
18966,PA,22069,108210,40,7657,9699,Suburban Philly,Dense Urban,Very High
18970,PA,39323,82597,43,13735,13138,Suburban Philly,Dense Urban,High
18974,PA,31346,101417,43,11283,8706,Suburban Philly,Dense Urban,Very High
18978,PA,32294,128161,42,11460,4694,Suburban Philly,Urban,Very High
18982,PA,37052,83036,40,13027,3205,Suburban Philly,Urban,High
18986,PA,15785,93800,42,6204,1537,Suburban Philly,Suburban,High
18990,PA,29973,134500,45,11661,5084,Suburban Philly,Dense Urban,Very High
18994,PA,27355,90848,38,10260,2318,Suburban Philly,Urban,High
18998,PA,23556,80498,44,8990,2448,Suburban Philly,Urban,High
19010,PA,51380,55071,34,22096,13252,Philadelphia,Dense Urban,Medium
19013,PA,57901,43906,39,25767,17108,Philadelphia,Dense Urban,Low
19016,PA,33149,63150,36,12780,15471,Philadelphia,Dense Urban,Medium
19019,PA,19283,39529,38,7830,3866,Philadelphia,Urban,Low
19022,PA,38095,47752,34,15800,44662,Philadelphia,Dense Urban,Low
19025,PA,54632,62217,37,23231,12835,Philadelphia,Dense Urban,Medium
19028,PA,50994,70220,32,20174,32129,Philadelphia,Dense Urban,Medium
19031,PA,48129,54299,32,20150,38042,Philadelphia,Dense Urban,Medium
19034,PA,44475,54087,33,17595,20988,Philadelphia,Dense Urban,Medium
19037,PA,18587,42079,36,8278,8418,Philadelphia,Dense Urban,Low
19040,PA,43817,63556,34,19415,35836,Philadelphia,Dense Urban,Medium
19043,PA,24450,43433,34,9937,9084,Philadelphia,Dense Urban,Low
19046,PA,29439,44416,36,11670,9129,Philadelphia,Dense Urban,Low
19049,PA,29101,47122,32,12930,5924,Philadelphia,Dense Urban,Low
19052,PA,40433,47127,39,18148,18671,Philadelphia,Dense Urban,Low
19055,PA,19958,66795,32,7873,13288,Philadelphia,Dense Urban,Medium
19058,PA,59814,47794,35,23488,53228,Philadelphia,Dense Urban,Low
19061,PA,55396,66276,36,22507,58969,Philadelphia,Dense Urban,Medium
19064,PA,34843,71160,34,15669,19601,Philadelphia,Dense Urban,Medium
19067,PA,28449,59125,34,12930,8051,Philadelphia,Dense Urban,Medium
19070,PA,35761,40597,37,14046,13355,Philadelphia,Dense Urban,Low
19073,PA,27031,44142,37,11302,20154,Philadelphia,Dense Urban,Low
19076,PA,26472,42249,37,11449,10300,Philadelphia,Dense Urban,Low
19079,PA,36351,53282,34,14531,9636,Philadelphia,Dense Urban,Medium
19082,PA,42264,48412,38,17260,9770,Philadelphia,Dense Urban,Low
19085,PA,29002,67304,35,11818,8434,Philadelphia,Dense Urban,Medium
19088,PA,22493,72228,36,10098,13096,Philadelphia,Dense Urban,Medium
19091,PA,24816,67492,34,10834,8962,Philadelphia,Dense Urban,Medium
19094,PA,44957,43827,34,17553,11464,Philadelphia,Dense Urban,Low
19097,PA,32849,62173,37,12847,9112,Philadelphia,Dense Urban,Medium
19110,PA,23374,73292,37,9283,20654,Philadelphia,Dense Urban,Medium
19113,PA,27885,38778,39,11084,10714,Philadelphia,Dense Urban,Low
19116,PA,19492,51615,35,8518,6518,Philadelphia,Dense Urban,Medium
19119,PA,25851,40044,32,10082,20153,Philadelphia,Dense Urban,Low
19122,PA,43634,61852,38,18394,10187,Philadelphia,Dense Urban,Medium
19125,PA,44955,44317,38,19935,9720,Philadelphia,Dense Urban,Low
19128,PA,44649,54789,39,17310,29920,Philadelphia,Dense Urban,Medium
19131,PA,48483,50466,35,19624,11787,Philadelphia,Dense Urban,Medium
19134,PA,49259,68795,36,19031,27618,Philadelphia,Dense Urban,Medium
19137,PA,18193,49190,32,7572,9374,Philadelphia,Dense Urban,Low
19140,PA,38389,66369,32,17324,34965,Philadelphia,Dense Urban,Medium
19143,PA,46933,57835,33,18130,47324,Philadelphia,Dense Urban,Medium
19146,PA,28332,67538,39,11864,10167,Philadelphia,Dense Urban,Medium
19149,PA,35839,68519,32,14891,18110,Philadelphia,Dense Urban,Medium
19152,PA,35709,55543,34,14072,35429,Philadelphia,Dense Urban,Medium
19155,PA,55465,41828,32,24248,20213,Philadelphia,Dense Urban,Low
19158,PA,49337,65005,32,20916,24272,Philadelphia,Dense Urban,Medium
19161,PA,22912,71623,36,9799,6755,Philadelphia,Dense Urban,Medium
19164,PA,21112,60207,34,9518,22833,Philadelphia,Dense Urban,Medium
19167,PA,39386,46210,35,15427,29126,Philadelphia,Dense Urban,Low
19170,PA,24588,71755,33,9880,11712,Philadelphia,Dense Urban,Medium
19173,PA,31146,73820,38,14005,38507,Philadelphia,Dense Urban,Medium
19176,PA,40190,42033,35,17076,9009,Philadelphia,Dense Urban,Low
19179,PA,42995,70402,38,18159,18295,Philadelphia,Dense Urban,Medium
19182,PA,31395,54715,33,13483,6852,Philadelphia,Dense Urban,Medium
19185,PA,32376,74636,32,13168,6808,Philadelphia,Dense Urban,Medium
19188,PA,52610,47101,33,23324,15974,Philadelphia,Dense Urban,Low
19191,PA,58312,55154,35,23750,40266,Philadelphia,Dense Urban,Medium
19194,PA,29777,71154,39,11468,9840,Philadelphia,Dense Urban,Medium
19197,PA,40785,66669,35,17594,48029,Philadelphia,Dense Urban,Medium
19310,PA,28865,131882,39,11884,2811,Suburban Philly,Urban,Very High
19314,PA,26181,101132,41,9299,2983,Suburban Philly,Urban,Very High
19318,PA,36315,109395,44,14704,6635,Suburban Philly,Dense Urban,Very High
19322,PA,38010,101762,41,14614,10843,Suburban Philly,Dense Urban,Very High
19326,PA,37800,132169,45,14748,4044,Suburban Philly,Urban,Very High
19330,PA,26927,87452,44,10366,3281,Suburban Philly,Urban,High
19334,PA,16307,110428,41,5714,1549,Suburban Philly,Suburban,Very High
19338,PA,25238,76140,39,9140,2168,Suburban Philly,Urban,High
19342,PA,16708,85485,42,6025,2537,Suburban Philly,Urban,High
19346,PA,41086,100552,45,16189,12648,Suburban Philly,Dense Urban,Very High
19350,PA,15557,88893,38,5411,6635,Suburban Philly,Dense Urban,High
19354,PA,19761,113635,41,6978,1673,Suburban Philly,Suburban,Very High
19358,PA,22166,113115,43,8329,4411,Suburban Philly,Urban,Very High
19362,PA,39509,95878,40,14877,4107,Suburban Philly,Urban,High
19366,PA,17808,111304,40,6254,3167,Suburban Philly,Urban,Very High
19370,PA,18802,93354,44,6757,3094,Suburban Philly,Urban,High
19374,PA,34203,128410,45,11802,3397,Suburban Philly,Urban,Very High
19378,PA,16863,83016,38,5972,1599,Suburban Philly,Suburban,High
19382,PA,18935,115510,43,7490,4299,Suburban Philly,Urban,Very High
19386,PA,38364,99045,42,13399,5400,Suburban Philly,Dense Urban,High
19390,PA,34151,128269,42,14139,3547,Suburban Philly,Urban,Very High
19394,PA,18906,97313,45,7414,2118,Suburban Philly,Urban,High
19398,PA,33383,86944,45,12066,3273,Suburban Philly,Urban,High
19410,PA,40885,131622,40,14103,3532,Suburban Philly,Urban,Very High
19414,PA,25503,86590,43,10594,2134,Suburban Philly,Urban,High
19418,PA,16088,84764,38,6608,2969,Suburban Philly,Urban,High
19422,PA,35620,83068,41,13051,3735,Suburban Philly,Urban,High
19426,PA,26390,104218,39,10761,2433,Suburban Philly,Urban,Very High
19430,PA,43182,129189,43,16584,6279,Suburban Philly,Dense Urban,Very High
19434,PA,23605,76098,40,8825,10514,Suburban Philly,Dense Urban,High
19438,PA,24101,119716,45,9893,2390,Suburban Philly,Urban,Very High
19442,PA,43220,83549,45,15768,14361,Suburban Philly,Dense Urban,High
19446,PA,20776,99297,41,7545,2965,Suburban Philly,Urban,High
19450,PA,22355,125649,42,8178,6476,Suburban Philly,Dense Urban,Very High
19454,PA,17555,77951,44,6128,1650,Suburban Philly,Suburban,High
19458,PA,35349,111469,42,13132,7582,Suburban Philly,Dense Urban,Very High
19462,PA,43454,90592,43,15038,10199,Suburban Philly,Dense Urban,High
19466,PA,16556,98864,38,6726,3992,Suburban Philly,Urban,High
19470,PA,25576,98071,43,9735,2780,Suburban Philly,Urban,High
19474,PA,39035,133931,41,14239,4732,Suburban Philly,Urban,Very High
19478,PA,30373,91237,41,11903,4579,Suburban Philly,Urban,High
19482,PA,28333,93691,42,9912,3711,Suburban Philly,Urban,High
19486,PA,38303,103278,44,15067,8125,Suburban Philly,Dense Urban,Very High
19490,PA,19945,123766,40,7865,1948,Suburban Philly,Suburban,Very High
19494,PA,30920,129238,38,11643,5973,Suburban Philly,Dense Urban,Very High
19498,PA,33193,101917,38,13652,6970,Suburban Philly,Dense Urban,Very High
19510,PA,13490,59065,37,4838,3225,Reading Area,Urban,Medium
19516,PA,14796,67356,39,5515,2661,Reading Area,Urban,Medium
19522,PA,27376,58578,41,10521,1405,Reading Area,Suburban,Medium
19528,PA,16426,48999,41,5898,1401,Reading Area,Suburban,Low
19534,PA,18125,50763,39,6586,1411,Reading Area,Suburban,Medium
19540,PA,33640,64835,40,13370,5162,Reading Area,Dense Urban,Medium
19546,PA,29477,68452,43,11673,1996,Reading Area,Suburban,Medium
19552,PA,18566,59254,39,7002,1412,Reading Area,Suburban,Medium
19558,PA,30979,55291,37,11826,2095,Reading Area,Urban,Medium
19564,PA,29581,64523,37,10663,2885,Reading Area,Urban,Medium
19570,PA,20808,54261,39,8184,1152,Reading Area,Suburban,Medium
19576,PA,26433,64402,42,10435,2419,Reading Area,Urban,Medium
19610,PA,22253,54432,41,8199,2229,Reading Area,Urban,Medium
19616,PA,28822,57741,43,11226,2041,Reading Area,Urban,Medium
19622,PA,15941,63166,38,5763,1170,Reading Area,Suburban,Medium
19628,PA,32745,48201,37,13413,2923,Reading Area,Urban,Low
19634,PA,17737,49988,38,6613,3051,Reading Area,Urban,Low
19640,PA,24256,55162,39,9772,2541,Reading Area,Urban,Medium
19646,PA,24114,53755,38,9011,2906,Reading Area,Urban,Medium
19652,PA,34729,49518,42,14307,2542,Reading Area,Urban,Low
19658,PA,12600,51554,43,4806,2302,Reading Area,Urban,Medium
19664,PA,29233,49742,39,10947,1915,Reading Area,Suburban,Low
19670,PA,22768,61032,39,9076,1543,Reading Area,Suburban,Medium
19676,PA,28939,55619,37,11827,7176,Reading Area,Dense Urban,Medium
